ERR7757493	2020-04-22	A
ERR7757499	2020-04-24	A
ERR7757500	2020-04-27	A
ERR7757501	2020-04-28	A
ERR7757502	2020-05-03	A
ERR7757503	2020-05-04	A
ERR7757504	2020-05-05	A
ERR7757505	2020-05-10	A
ERR7757506	2020-05-11	A
ERR7757507	2020-05-12	A
ERR7757508	2020-05-18	A
ERR7757509	2020-05-19	A
ERR7757510	2020-05-27	A
ERR7757511	2020-05-28	A
ERR7757512	2020-05-30	A
ERR7757513	2020-05-31	A
ERR7757514	2020-06-01	A
ERR7757515	2020-06-02	A
ERR7757516	2020-06-03	A
ERR7757517	2020-06-04	A
ERR7764176	2020-06-05	A
ERR7764177	2020-06-06	A
ERR7764178	2020-06-07	A
ERR7764179	2020-06-08	A
ERR7764180	2020-06-09	A
ERR7764181	2020-06-10	A
ERR7764182	2020-06-11	A
ERR7764183	2020-06-13	A
ERR7764184	2020-06-14	A
ERR7764185	2020-06-15	A
ERR7764186	2020-06-17	A
ERR7764187	2020-06-18	A
ERR7764188	2020-06-19	A
ERR7764189	2020-06-20	A
ERR7764190	2020-06-21	A
ERR7764191	2020-06-22	A
ERR7764192	2020-06-23	A
ERR7764193	2020-06-24	A
ERR7764194	2020-06-25	A
ERR7764195	2020-06-27	A
ERR7764198	2020-06-30	A
ERR7764199	2020-07-01	A
ERR7764200	2020-07-03	A
ERR7764201	2020-07-04	A
ERR7764202	2020-07-05	A
ERR7764203	2020-07-07	A
ERR7764204	2020-07-08	A
ERR7764205	2020-07-09	A
ERR7764206	2020-06-28	A
ERR7845975	2020-04-12	B
ERR7850079	2020-04-14	B
ERR7850080	2020-04-22	B
ERR7850081	2020-04-27	B
ERR7850082	2020-04-29	B
ERR7850083	2020-05-02	B
ERR7850084	2020-05-09	B
ERR7850085	2020-05-12	B
ERR7850086	2020-05-19	B
ERR7850087	2020-05-23	B
ERR7850088	2020-05-27	B
ERR7850089	2020-05-30	B
ERR7850090	2020-06-01	B
ERR7850091	2020-06-10	B
ERR7850092	2020-06-11	B
ERR7850093	2020-06-12	B
ERR7850094	2020-06-13	B
ERR7850095	2020-06-22	B
ERR7850096	2020-06-27	B
ERR7850097	2020-07-04	B
ERR7850098	2020-07-08	B
ERR7850099	2020-06-12	A
ERR7850100	2020-06-29	A
