filename	date	plant	is_enriched
SRR21452137_1.fastq.gz	2020-07-20	ESC	0
SRR21452137_2.fastq.gz	2020-07-20	ESC	0
SRR21452136_1.fastq.gz	2020-07-27	ESC	0
SRR21452136_2.fastq.gz	2020-07-27	ESC	0
SRR18341038_1.fastq.gz	2020-08-03	ESC	1
SRR18341038_2.fastq.gz	2020-08-03	ESC	1
SRR18340986_1.fastq.gz	2020-08-10	ESC	1
SRR18340986_2.fastq.gz	2020-08-10	ESC	1
SRR18341041_1.fastq.gz	2020-08-17	ESC	1
SRR18341041_2.fastq.gz	2020-08-17	ESC	1
SRR18341040_1.fastq.gz	2020-08-24	ESC	1
SRR18341040_2.fastq.gz	2020-08-24	ESC	1
SRR18341037_1.fastq.gz	2020-08-31	ESC	1
SRR18341037_2.fastq.gz	2020-08-31	ESC	1
SRR18341034_1.fastq.gz	2020-09-07	ESC	1
SRR18341034_2.fastq.gz	2020-09-07	ESC	1
SRR18341036_1.fastq.gz	2020-09-14	ESC	1
SRR18341036_2.fastq.gz	2020-09-14	ESC	1
SRR18341035_1.fastq.gz	2020-09-21	ESC	1
SRR18341035_2.fastq.gz	2020-09-21	ESC	1
SRR18340978_1.fastq.gz	2020-10-05	ESC	1
SRR18340978_2.fastq.gz	2020-10-05	ESC	1
SRR18341039_1.fastq.gz	2020-10-12	ESC	1
SRR18341039_2.fastq.gz	2020-10-12	ESC	1
SRR18341028_1.fastq.gz	2020-10-19	ESC	1
SRR18341028_2.fastq.gz	2020-10-19	ESC	1
SRR18341017_1.fastq.gz	2020-10-26	ESC	1
SRR18341017_2.fastq.gz	2020-10-26	ESC	1
SRR18341080_1.fastq.gz	2020-11-02	ESC	1
SRR18341080_2.fastq.gz	2020-11-02	ESC	1
SRR18340967_1.fastq.gz	2020-11-16	ESC	1
SRR18340967_2.fastq.gz	2020-11-16	ESC	1
SRR18341135_1.fastq.gz	2020-11-23	ESC	1
SRR18341135_2.fastq.gz	2020-11-23	ESC	1
SRR18341124_1.fastq.gz	2020-11-30	ESC	1
SRR18341124_2.fastq.gz	2020-11-30	ESC	1
SRR18341108_1.fastq.gz	2020-12-07	ESC	1
SRR18341108_2.fastq.gz	2020-12-07	ESC	1
SRR18341113_1.fastq.gz	2020-12-14	ESC	1
SRR18341113_2.fastq.gz	2020-12-14	ESC	1
SRR18341062_1.fastq.gz	2020-12-21	ESC	1
SRR18341062_2.fastq.gz	2020-12-21	ESC	1
SRR18341051_1.fastq.gz	2020-12-28	ESC	1
SRR18341051_2.fastq.gz	2020-12-28	ESC	1
SRR18340994_1.fastq.gz	2021-01-04	ESC	1
SRR18340994_2.fastq.gz	2021-01-04	ESC	1
SRR18341137_1.fastq.gz	2021-01-11	ESC	1
SRR18341137_2.fastq.gz	2021-01-11	ESC	1
SRR18341136_1.fastq.gz	2021-01-18	ESC	1
SRR18341136_2.fastq.gz	2021-01-18	ESC	1
SRR18341005_1.fastq.gz	2021-01-25	ESC	1
SRR18341005_2.fastq.gz	2021-01-25	ESC	1
SRR18341007_1.fastq.gz	2021-02-08	ESC	1
SRR18341007_2.fastq.gz	2021-02-08	ESC	1
SRR18341097_1.fastq.gz	2021-02-15	ESC	1
SRR18341097_2.fastq.gz	2021-02-15	ESC	1
SRR18341086_1.fastq.gz	2021-02-22	ESC	1
SRR18341086_2.fastq.gz	2021-02-22	ESC	1
SRR18341006_1.fastq.gz	2021-03-01	ESC	1
SRR18341006_2.fastq.gz	2021-03-01	ESC	1
SRR18341001_1.fastq.gz	2021-03-08	ESC	1
SRR18341001_2.fastq.gz	2021-03-08	ESC	1
SRR18341004_1.fastq.gz	2021-03-17	ESC	1
SRR18341004_2.fastq.gz	2021-03-17	ESC	1
SRR18341003_1.fastq.gz	2021-03-22	ESC	1
SRR18341003_2.fastq.gz	2021-03-22	ESC	1
SRR18341002_1.fastq.gz	2021-03-29	ESC	1
SRR18341002_2.fastq.gz	2021-03-29	ESC	1
SRR18340997_1.fastq.gz	2021-04-05	ESC	1
SRR18340997_2.fastq.gz	2021-04-05	ESC	1
SRR18341000_1.fastq.gz	2021-04-12	ESC	1
SRR18341000_2.fastq.gz	2021-04-12	ESC	1
SRR18340999_1.fastq.gz	2021-04-19	ESC	1
SRR18340999_2.fastq.gz	2021-04-19	ESC	1
SRR18340998_1.fastq.gz	2021-04-26	ESC	1
SRR18340998_2.fastq.gz	2021-04-26	ESC	1
SRR18340996_1.fastq.gz	2021-05-10	ESC	1
SRR18340996_2.fastq.gz	2021-05-10	ESC	1
SRR18340995_1.fastq.gz	2021-05-24	ESC	1
SRR18340995_2.fastq.gz	2021-05-24	ESC	1
SRR18340993_1.fastq.gz	2021-05-31	ESC	1
SRR18340993_2.fastq.gz	2021-05-31	ESC	1
SRR18340990_1.fastq.gz	2021-06-09	ESC	1
SRR18340990_2.fastq.gz	2021-06-09	ESC	1
SRR18340992_1.fastq.gz	2021-06-14	ESC	1
SRR18340992_2.fastq.gz	2021-06-14	ESC	1
SRR18340991_1.fastq.gz	2021-06-24	ESC	1
SRR18340991_2.fastq.gz	2021-06-24	ESC	1
SRR18340987_1.fastq.gz	2021-07-05	ESC	1
SRR18340987_2.fastq.gz	2021-07-05	ESC	1
SRR18340989_1.fastq.gz	2021-07-12	ESC	1
SRR18340989_2.fastq.gz	2021-07-12	ESC	1
SRR18340988_1.fastq.gz	2021-07-19	ESC	1
SRR18340988_2.fastq.gz	2021-07-19	ESC	1
SRR14530767_1.fastq.gz	2020-08-11	HTP	0
SRR14530767_2.fastq.gz	2020-08-11	HTP	0
SRR14530790_1.fastq.gz	2020-08-11	HTP	1
SRR14530790_2.fastq.gz	2020-08-11	HTP	1
SRR14530766_1.fastq.gz	2020-08-18	HTP	0
SRR14530766_2.fastq.gz	2020-08-18	HTP	0
SRR14530779_1.fastq.gz	2020-08-18	HTP	1
SRR14530779_2.fastq.gz	2020-08-18	HTP	1
SRR14530765_1.fastq.gz	2020-08-25	HTP	0
SRR14530765_2.fastq.gz	2020-08-25	HTP	0
SRR14530768_1.fastq.gz	2020-08-25	HTP	1
SRR14530768_2.fastq.gz	2020-08-25	HTP	1
SRR14530757_1.fastq.gz	2020-09-01	HTP	1
SRR14530757_2.fastq.gz	2020-09-01	HTP	1
SRR14530764_1.fastq.gz	2020-09-01	HTP	0
SRR14530764_2.fastq.gz	2020-09-01	HTP	0
SRR14530746_1.fastq.gz	2020-09-08	HTP	1
SRR14530746_2.fastq.gz	2020-09-08	HTP	1
SRR14530763_1.fastq.gz	2020-09-08	HTP	0
SRR14530763_2.fastq.gz	2020-09-08	HTP	0
SRR14530735_1.fastq.gz	2020-09-15	HTP	1
SRR14530735_2.fastq.gz	2020-09-15	HTP	1
SRR14530762_1.fastq.gz	2020-09-15	HTP	0
SRR14530762_2.fastq.gz	2020-09-15	HTP	0
SRR14530843_1.fastq.gz	2020-09-22	HTP	1
SRR14530843_2.fastq.gz	2020-09-22	HTP	1
SRR14530881_1.fastq.gz	2020-09-22	HTP	0
SRR14530881_2.fastq.gz	2020-09-22	HTP	0
SRR14530842_1.fastq.gz	2020-09-29	HTP	1
SRR14530842_2.fastq.gz	2020-09-29	HTP	1
SRR14530880_1.fastq.gz	2020-09-29	HTP	0
SRR14530880_2.fastq.gz	2020-09-29	HTP	0
SRR14530772_1.fastq.gz	2020-10-02	HTP	0
SRR14530772_2.fastq.gz	2020-10-02	HTP	0
SRR14530820_1.fastq.gz	2020-10-02	HTP	1
SRR14530820_2.fastq.gz	2020-10-02	HTP	1
SRR14530771_1.fastq.gz	2020-10-13	HTP	0
SRR14530771_2.fastq.gz	2020-10-13	HTP	0
SRR14530819_1.fastq.gz	2020-10-13	HTP	1
SRR14530819_2.fastq.gz	2020-10-13	HTP	1
SRR14530770_1.fastq.gz	2020-10-20	HTP	0
SRR14530770_2.fastq.gz	2020-10-20	HTP	0
SRR14530812_1.fastq.gz	2020-10-20	HTP	1
SRR14530812_2.fastq.gz	2020-10-20	HTP	1
SRR14530769_1.fastq.gz	2020-10-27	HTP	0
SRR14530769_2.fastq.gz	2020-10-27	HTP	0
SRR14530801_1.fastq.gz	2020-10-27	HTP	1
SRR14530801_2.fastq.gz	2020-10-27	HTP	1
SRR14530847_1.fastq.gz	2020-11-03	HTP	1
SRR14530847_2.fastq.gz	2020-11-03	HTP	1
SRR14530888_1.fastq.gz	2020-11-03	HTP	0
SRR14530888_2.fastq.gz	2020-11-03	HTP	0
SRR14530890_1.fastq.gz	2020-11-17	HTP	0
SRR14530890_2.fastq.gz	2020-11-17	HTP	0
SRR14530848_1.fastq.gz	2020-11-24	HTP	1
SRR14530848_2.fastq.gz	2020-11-24	HTP	1
SRR14530889_1.fastq.gz	2020-11-24	HTP	0
SRR14530889_2.fastq.gz	2020-11-24	HTP	0
SRR14530887_1.fastq.gz	2020-12-01	HTP	0
SRR14530887_2.fastq.gz	2020-12-01	HTP	0
SRR14530846_1.fastq.gz	2020-12-04	HTP	1
SRR14530846_2.fastq.gz	2020-12-04	HTP	1
SRR14530886_1.fastq.gz	2020-12-04	HTP	0
SRR14530886_2.fastq.gz	2020-12-04	HTP	0
SRR14530885_1.fastq.gz	2020-12-15	HTP	0
SRR14530885_2.fastq.gz	2020-12-15	HTP	0
SRR14530845_1.fastq.gz	2020-12-22	HTP	1
SRR14530845_2.fastq.gz	2020-12-22	HTP	1
SRR14530884_1.fastq.gz	2020-12-22	HTP	0
SRR14530884_2.fastq.gz	2020-12-22	HTP	0
SRR14530844_1.fastq.gz	2020-12-29	HTP	1
SRR14530844_2.fastq.gz	2020-12-29	HTP	1
SRR14530882_1.fastq.gz	2020-12-29	HTP	0
SRR14530882_2.fastq.gz	2020-12-29	HTP	0
SRR14530849_1.fastq.gz	2021-01-03	HTP	1
SRR14530849_2.fastq.gz	2021-01-03	HTP	1
SRR14530891_1.fastq.gz	2021-01-03	HTP	0
SRR14530891_2.fastq.gz	2021-01-03	HTP	0
SRR18341023_1.fastq.gz	2021-01-05	HTP	1
SRR18341023_2.fastq.gz	2021-01-05	HTP	1
SRR18341022_1.fastq.gz	2021-01-07	HTP	1
SRR18341022_2.fastq.gz	2021-01-07	HTP	1
SRR18341033_1.fastq.gz	2021-01-10	HTP	1
SRR18341033_2.fastq.gz	2021-01-10	HTP	1
SRR18341032_1.fastq.gz	2021-01-12	HTP	1
SRR18341032_2.fastq.gz	2021-01-12	HTP	1
SRR18341031_1.fastq.gz	2021-01-14	HTP	1
SRR18341031_2.fastq.gz	2021-01-14	HTP	1
SRR18341030_1.fastq.gz	2021-01-19	HTP	1
SRR18341030_2.fastq.gz	2021-01-19	HTP	1
SRR18341029_1.fastq.gz	2021-01-21	HTP	1
SRR18341029_2.fastq.gz	2021-01-21	HTP	1
SRR18341027_1.fastq.gz	2021-01-24	HTP	1
SRR18341027_2.fastq.gz	2021-01-24	HTP	1
SRR18341026_1.fastq.gz	2021-01-26	HTP	1
SRR18341026_2.fastq.gz	2021-01-26	HTP	1
SRR18341025_1.fastq.gz	2021-01-28	HTP	1
SRR18341025_2.fastq.gz	2021-01-28	HTP	1
SRR18341024_1.fastq.gz	2021-01-31	HTP	1
SRR18341024_2.fastq.gz	2021-01-31	HTP	1
SRR18341016_1.fastq.gz	2021-02-02	HTP	1
SRR18341016_2.fastq.gz	2021-02-02	HTP	1
SRR18340984_1.fastq.gz	2021-02-04	HTP	1
SRR18340984_2.fastq.gz	2021-02-04	HTP	1
SRR18340983_1.fastq.gz	2021-02-07	HTP	1
SRR18340983_2.fastq.gz	2021-02-07	HTP	1
SRR18340982_1.fastq.gz	2021-02-09	HTP	1
SRR18340982_2.fastq.gz	2021-02-09	HTP	1
SRR18341021_1.fastq.gz	2021-02-10	HTP	1
SRR18341021_2.fastq.gz	2021-02-10	HTP	1
SRR18341020_1.fastq.gz	2021-02-15	HTP	1
SRR18341020_2.fastq.gz	2021-02-15	HTP	1
SRR18341019_1.fastq.gz	2021-02-16	HTP	1
SRR18341019_2.fastq.gz	2021-02-16	HTP	1
SRR18341018_1.fastq.gz	2021-02-18	HTP	1
SRR18341018_2.fastq.gz	2021-02-18	HTP	1
SRR18341015_1.fastq.gz	2021-02-21	HTP	1
SRR18341015_2.fastq.gz	2021-02-21	HTP	1
SRR18341014_1.fastq.gz	2021-02-23	HTP	1
SRR18341014_2.fastq.gz	2021-02-23	HTP	1
SRR18340985_1.fastq.gz	2021-02-28	HTP	1
SRR18340985_2.fastq.gz	2021-02-28	HTP	1
SRR18340976_1.fastq.gz	2021-03-02	HTP	1
SRR18340976_2.fastq.gz	2021-03-02	HTP	1
SRR18340969_1.fastq.gz	2021-03-04	HTP	1
SRR18340969_2.fastq.gz	2021-03-04	HTP	1
SRR18340968_1.fastq.gz	2021-03-07	HTP	1
SRR18340968_2.fastq.gz	2021-03-07	HTP	1
SRR18340966_1.fastq.gz	2021-03-09	HTP	1
SRR18340966_2.fastq.gz	2021-03-09	HTP	1
SRR18340981_1.fastq.gz	2021-03-11	HTP	1
SRR18340981_2.fastq.gz	2021-03-11	HTP	1
SRR18340980_1.fastq.gz	2021-03-14	HTP	1
SRR18340980_2.fastq.gz	2021-03-14	HTP	1
SRR18340979_1.fastq.gz	2021-03-16	HTP	1
SRR18340979_2.fastq.gz	2021-03-16	HTP	1
SRR18340977_1.fastq.gz	2021-03-18	HTP	1
SRR18340977_2.fastq.gz	2021-03-18	HTP	1
SRR18340975_1.fastq.gz	2021-03-21	HTP	1
SRR18340975_2.fastq.gz	2021-03-21	HTP	1
SRR18340974_1.fastq.gz	2021-03-23	HTP	1
SRR18340974_2.fastq.gz	2021-03-23	HTP	1
SRR18340973_1.fastq.gz	2021-03-25	HTP	1
SRR18340973_2.fastq.gz	2021-03-25	HTP	1
SRR18340972_1.fastq.gz	2021-03-29	HTP	1
SRR18340972_2.fastq.gz	2021-03-29	HTP	1
SRR18340971_1.fastq.gz	2021-03-30	HTP	1
SRR18340971_2.fastq.gz	2021-03-30	HTP	1
SRR18340970_1.fastq.gz	2021-03-31	HTP	1
SRR18340970_2.fastq.gz	2021-03-31	HTP	1
SRR18340960_1.fastq.gz	2021-04-04	HTP	1
SRR18340960_2.fastq.gz	2021-04-04	HTP	1
SRR18340959_1.fastq.gz	2021-04-06	HTP	1
SRR18340959_2.fastq.gz	2021-04-06	HTP	1
SRR18340958_1.fastq.gz	2021-04-08	HTP	1
SRR18340958_2.fastq.gz	2021-04-08	HTP	1
SRR18340965_1.fastq.gz	2021-04-15	HTP	1
SRR18340965_2.fastq.gz	2021-04-15	HTP	1
SRR18340964_1.fastq.gz	2021-04-22	HTP	1
SRR18340964_2.fastq.gz	2021-04-22	HTP	1
SRR18340963_1.fastq.gz	2021-04-25	HTP	1
SRR18340963_2.fastq.gz	2021-04-25	HTP	1
SRR18340962_1.fastq.gz	2021-04-26	HTP	1
SRR18340962_2.fastq.gz	2021-04-26	HTP	1
SRR18340961_1.fastq.gz	2021-04-29	HTP	1
SRR18340961_2.fastq.gz	2021-04-29	HTP	1
SRR18341076_1.fastq.gz	2021-05-02	HTP	1
SRR18341076_2.fastq.gz	2021-05-02	HTP	1
SRR18341070_1.fastq.gz	2021-05-04	HTP	1
SRR18341070_2.fastq.gz	2021-05-04	HTP	1
SRR18341134_1.fastq.gz	2021-05-06	HTP	1
SRR18341134_2.fastq.gz	2021-05-06	HTP	1
SRR18341133_1.fastq.gz	2021-05-09	HTP	1
SRR18341133_2.fastq.gz	2021-05-09	HTP	1
SRR18341081_1.fastq.gz	2021-05-11	HTP	1
SRR18341081_2.fastq.gz	2021-05-11	HTP	1
SRR18341079_1.fastq.gz	2021-05-13	HTP	1
SRR18341079_2.fastq.gz	2021-05-13	HTP	1
SRR18341078_1.fastq.gz	2021-05-16	HTP	1
SRR18341078_2.fastq.gz	2021-05-16	HTP	1
SRR18341077_1.fastq.gz	2021-05-18	HTP	1
SRR18341077_2.fastq.gz	2021-05-18	HTP	1
SRR18341075_1.fastq.gz	2021-05-20	HTP	1
SRR18341075_2.fastq.gz	2021-05-20	HTP	1
SRR18341074_1.fastq.gz	2021-05-23	HTP	1
SRR18341074_2.fastq.gz	2021-05-23	HTP	1
SRR18341073_1.fastq.gz	2021-05-24	HTP	1
SRR18341073_2.fastq.gz	2021-05-24	HTP	1
SRR18341072_1.fastq.gz	2021-05-25	HTP	1
SRR18341072_2.fastq.gz	2021-05-25	HTP	1
SRR18341071_1.fastq.gz	2021-05-31	HTP	1
SRR18341071_2.fastq.gz	2021-05-31	HTP	1
SRR18341132_1.fastq.gz	2021-06-01	HTP	1
SRR18341132_2.fastq.gz	2021-06-01	HTP	1
SRR18341126_1.fastq.gz	2021-06-03	HTP	1
SRR18341126_2.fastq.gz	2021-06-03	HTP	1
SRR18341125_1.fastq.gz	2021-06-06	HTP	1
SRR18341125_2.fastq.gz	2021-06-06	HTP	1
SRR18341131_1.fastq.gz	2021-06-10	HTP	1
SRR18341131_2.fastq.gz	2021-06-10	HTP	1
SRR18341130_1.fastq.gz	2021-06-15	HTP	1
SRR18341130_2.fastq.gz	2021-06-15	HTP	1
SRR18341129_1.fastq.gz	2021-06-20	HTP	1
SRR18341129_2.fastq.gz	2021-06-20	HTP	1
SRR18341128_1.fastq.gz	2021-06-24	HTP	1
SRR18341128_2.fastq.gz	2021-06-24	HTP	1
SRR18341127_1.fastq.gz	2021-06-27	HTP	1
SRR18341127_2.fastq.gz	2021-06-27	HTP	1
SRR18341123_1.fastq.gz	2021-07-01	HTP	1
SRR18341123_2.fastq.gz	2021-07-01	HTP	1
SRR18341118_1.fastq.gz	2021-07-08	HTP	1
SRR18341118_2.fastq.gz	2021-07-08	HTP	1
SRR18341122_1.fastq.gz	2021-07-13	HTP	1
SRR18341122_2.fastq.gz	2021-07-13	HTP	1
SRR18341121_1.fastq.gz	2021-07-15	HTP	1
SRR18341121_2.fastq.gz	2021-07-15	HTP	1
SRR18341120_1.fastq.gz	2021-07-22	HTP	1
SRR18341120_2.fastq.gz	2021-07-22	HTP	1
SRR18341119_1.fastq.gz	2021-07-29	HTP	1
SRR18341119_2.fastq.gz	2021-07-29	HTP	1
SRR14530761_1.fastq.gz	2020-10-20	JW	0
SRR14530761_2.fastq.gz	2020-10-20	JW	0
SRR14530818_1.fastq.gz	2020-10-20	JW	1
SRR14530818_2.fastq.gz	2020-10-20	JW	1
SRR14530760_1.fastq.gz	2020-10-27	JW	0
SRR14530760_2.fastq.gz	2020-10-27	JW	0
SRR14530894_1.fastq.gz	2020-10-27	JW	1
SRR14530894_2.fastq.gz	2020-10-27	JW	1
SRR14530756_1.fastq.gz	2020-08-11	JWPCP	0
SRR14530756_2.fastq.gz	2020-08-11	JWPCP	0
SRR14530861_1.fastq.gz	2020-08-11	JWPCP	1
SRR14530861_2.fastq.gz	2020-08-11	JWPCP	1
SRR14530755_1.fastq.gz	2020-08-18	JWPCP	0
SRR14530755_2.fastq.gz	2020-08-18	JWPCP	0
SRR14530850_1.fastq.gz	2020-08-18	JWPCP	1
SRR14530850_2.fastq.gz	2020-08-18	JWPCP	1
SRR14530754_1.fastq.gz	2020-08-25	JWPCP	0
SRR14530754_2.fastq.gz	2020-08-25	JWPCP	0
SRR14530839_1.fastq.gz	2020-08-25	JWPCP	1
SRR14530839_2.fastq.gz	2020-08-25	JWPCP	1
SRR14530753_1.fastq.gz	2020-09-01	JWPCP	0
SRR14530753_2.fastq.gz	2020-09-01	JWPCP	0
SRR14530828_1.fastq.gz	2020-09-01	JWPCP	1
SRR14530828_2.fastq.gz	2020-09-01	JWPCP	1
SRR14530752_1.fastq.gz	2020-09-08	JWPCP	0
SRR14530752_2.fastq.gz	2020-09-08	JWPCP	0
SRR14530814_1.fastq.gz	2020-09-08	JWPCP	1
SRR14530814_2.fastq.gz	2020-09-08	JWPCP	1
SRR14530751_1.fastq.gz	2020-09-15	JWPCP	0
SRR14530751_2.fastq.gz	2020-09-15	JWPCP	0
SRR14530813_1.fastq.gz	2020-09-15	JWPCP	1
SRR14530813_2.fastq.gz	2020-09-15	JWPCP	1
SRR14530750_1.fastq.gz	2020-09-22	JWPCP	0
SRR14530750_2.fastq.gz	2020-09-22	JWPCP	0
SRR14530811_1.fastq.gz	2020-09-22	JWPCP	1
SRR14530811_2.fastq.gz	2020-09-22	JWPCP	1
SRR14530837_1.fastq.gz	2020-09-29	JWPCP	1
SRR14530837_2.fastq.gz	2020-09-29	JWPCP	1
SRR14530876_1.fastq.gz	2020-09-29	JWPCP	0
SRR14530876_2.fastq.gz	2020-09-29	JWPCP	0
SRR14530759_1.fastq.gz	2020-10-06	JWPCP	0
SRR14530759_2.fastq.gz	2020-10-06	JWPCP	0
SRR14530883_1.fastq.gz	2020-10-06	JWPCP	1
SRR14530883_2.fastq.gz	2020-10-06	JWPCP	1
SRR14530758_1.fastq.gz	2020-10-13	JWPCP	0
SRR14530758_2.fastq.gz	2020-10-13	JWPCP	0
SRR14530872_1.fastq.gz	2020-10-13	JWPCP	1
SRR14530872_2.fastq.gz	2020-10-13	JWPCP	1
SRR14530838_1.fastq.gz	2020-11-03	JWPCP	1
SRR14530838_2.fastq.gz	2020-11-03	JWPCP	1
SRR14530877_1.fastq.gz	2020-11-03	JWPCP	0
SRR14530877_2.fastq.gz	2020-11-03	JWPCP	0
SRR14530841_1.fastq.gz	2020-11-10	JWPCP	1
SRR14530841_2.fastq.gz	2020-11-10	JWPCP	1
SRR14530879_1.fastq.gz	2020-11-10	JWPCP	0
SRR14530879_2.fastq.gz	2020-11-10	JWPCP	0
SRR14530840_1.fastq.gz	2020-11-17	JWPCP	1
SRR14530840_2.fastq.gz	2020-11-17	JWPCP	1
SRR14530878_1.fastq.gz	2020-11-17	JWPCP	0
SRR14530878_2.fastq.gz	2020-11-17	JWPCP	0
SRR14530747_1.fastq.gz	2020-08-14	NC	0
SRR14530747_2.fastq.gz	2020-08-14	NC	0
SRR14530808_1.fastq.gz	2020-08-14	NC	1
SRR14530808_2.fastq.gz	2020-08-14	NC	1
SRR14530745_1.fastq.gz	2020-08-28	NC	0
SRR14530745_2.fastq.gz	2020-08-28	NC	0
SRR14530807_1.fastq.gz	2020-08-28	NC	1
SRR14530807_2.fastq.gz	2020-08-28	NC	1
SRR14530744_1.fastq.gz	2020-09-11	NC	0
SRR14530744_2.fastq.gz	2020-09-11	NC	0
SRR14530806_1.fastq.gz	2020-09-11	NC	1
SRR14530806_2.fastq.gz	2020-09-11	NC	1
SRR14530874_1.fastq.gz	2020-09-25	NC	0
SRR14530874_2.fastq.gz	2020-09-25	NC	0
SRR14530749_1.fastq.gz	2020-10-09	NC	0
SRR14530749_2.fastq.gz	2020-10-09	NC	0
SRR14530810_1.fastq.gz	2020-10-09	NC	1
SRR14530810_2.fastq.gz	2020-10-09	NC	1
SRR14530748_1.fastq.gz	2020-10-23	NC	0
SRR14530748_2.fastq.gz	2020-10-23	NC	0
SRR14530809_1.fastq.gz	2020-10-23	NC	1
SRR14530809_2.fastq.gz	2020-10-23	NC	1
SRR14530875_1.fastq.gz	2020-11-06	NC	0
SRR14530875_2.fastq.gz	2020-11-06	NC	0
SRR14530742_1.fastq.gz	2020-08-12	OC	0
SRR14530742_2.fastq.gz	2020-08-12	OC	0
SRR14530804_1.fastq.gz	2020-08-12	OC	1
SRR14530804_2.fastq.gz	2020-08-12	OC	1
SRR14530741_1.fastq.gz	2020-08-19	OC	0
SRR14530741_2.fastq.gz	2020-08-19	OC	0
SRR14530803_1.fastq.gz	2020-08-19	OC	1
SRR14530803_2.fastq.gz	2020-08-19	OC	1
SRR14530740_1.fastq.gz	2020-08-26	OC	0
SRR14530740_2.fastq.gz	2020-08-26	OC	0
SRR14530802_1.fastq.gz	2020-08-26	OC	1
SRR14530802_2.fastq.gz	2020-08-26	OC	1
SRR14530739_1.fastq.gz	2020-09-02	OC	0
SRR14530739_2.fastq.gz	2020-09-02	OC	0
SRR14530800_1.fastq.gz	2020-09-02	OC	1
SRR14530800_2.fastq.gz	2020-09-02	OC	1
SRR14530738_1.fastq.gz	2020-09-03	OC	0
SRR14530738_2.fastq.gz	2020-09-03	OC	0
SRR14530799_1.fastq.gz	2020-09-03	OC	1
SRR14530799_2.fastq.gz	2020-09-03	OC	1
SRR14530737_1.fastq.gz	2020-09-16	OC	0
SRR14530737_2.fastq.gz	2020-09-16	OC	0
SRR14530798_1.fastq.gz	2020-09-16	OC	1
SRR14530798_2.fastq.gz	2020-09-16	OC	1
SRR14530736_1.fastq.gz	2020-09-23	OC	0
SRR14530736_2.fastq.gz	2020-09-23	OC	0
SRR14530797_1.fastq.gz	2020-09-23	OC	1
SRR14530797_2.fastq.gz	2020-09-23	OC	1
SRR14530734_1.fastq.gz	2020-09-30	OC	0
SRR14530734_2.fastq.gz	2020-09-30	OC	0
SRR14530796_1.fastq.gz	2020-09-30	OC	1
SRR14530796_2.fastq.gz	2020-09-30	OC	1
SRR14530743_1.fastq.gz	2020-10-07	OC	0
SRR14530743_2.fastq.gz	2020-10-07	OC	0
SRR14530805_1.fastq.gz	2020-10-07	OC	1
SRR14530805_2.fastq.gz	2020-10-07	OC	1
SRR21452135_1.fastq.gz	2020-10-21	OC	0
SRR21452135_2.fastq.gz	2020-10-21	OC	0
SRR14530835_1.fastq.gz	2020-11-04	OC	1
SRR14530835_2.fastq.gz	2020-11-04	OC	1
SRR14530869_1.fastq.gz	2020-11-04	OC	0
SRR14530869_2.fastq.gz	2020-11-04	OC	0
SRR14530868_1.fastq.gz	2020-11-09	OC	0
SRR14530868_2.fastq.gz	2020-11-09	OC	0
SRR14530836_1.fastq.gz	2020-11-11	OC	1
SRR14530836_2.fastq.gz	2020-11-11	OC	1
SRR14530873_1.fastq.gz	2020-11-11	OC	0
SRR14530873_2.fastq.gz	2020-11-11	OC	0
SRR14530871_1.fastq.gz	2020-11-18	OC	0
SRR14530871_2.fastq.gz	2020-11-18	OC	0
SRR14530870_1.fastq.gz	2020-11-25	OC	0
SRR14530870_2.fastq.gz	2020-11-25	OC	0
SRR14530834_1.fastq.gz	2020-12-14	OC	1
SRR14530834_2.fastq.gz	2020-12-14	OC	1
SRR14530867_1.fastq.gz	2020-12-14	OC	0
SRR14530867_2.fastq.gz	2020-12-14	OC	0
SRR14530833_1.fastq.gz	2020-12-21	OC	1
SRR14530833_2.fastq.gz	2020-12-21	OC	1
SRR14530866_1.fastq.gz	2020-12-21	OC	0
SRR14530866_2.fastq.gz	2020-12-21	OC	0
SRR14530732_1.fastq.gz	2020-08-13	PL	0
SRR14530732_2.fastq.gz	2020-08-13	PL	0
SRR14530794_1.fastq.gz	2020-08-13	PL	1
SRR14530794_2.fastq.gz	2020-08-13	PL	1
SRR14530731_1.fastq.gz	2020-08-27	PL	0
SRR14530731_2.fastq.gz	2020-08-27	PL	0
SRR14530793_1.fastq.gz	2020-08-27	PL	1
SRR14530793_2.fastq.gz	2020-08-27	PL	1
SRR14530730_1.fastq.gz	2020-09-10	PL	0
SRR14530730_2.fastq.gz	2020-09-10	PL	0
SRR14530792_1.fastq.gz	2020-09-10	PL	1
SRR14530792_2.fastq.gz	2020-09-10	PL	1
SRR14530729_1.fastq.gz	2020-09-24	PL	0
SRR14530729_2.fastq.gz	2020-09-24	PL	0
SRR14530791_1.fastq.gz	2020-09-24	PL	1
SRR14530791_2.fastq.gz	2020-09-24	PL	1
SRR14530733_1.fastq.gz	2020-10-22	PL	0
SRR14530733_2.fastq.gz	2020-10-22	PL	0
SRR14530795_1.fastq.gz	2020-10-22	PL	1
SRR14530795_2.fastq.gz	2020-10-22	PL	1
SRR14530827_1.fastq.gz	2020-11-05	PL	1
SRR14530827_2.fastq.gz	2020-11-05	PL	1
SRR14530860_1.fastq.gz	2020-11-05	PL	0
SRR14530860_2.fastq.gz	2020-11-05	PL	0
SRR14530830_1.fastq.gz	2020-11-29	PL	1
SRR14530830_2.fastq.gz	2020-11-29	PL	1
SRR14530863_1.fastq.gz	2020-11-29	PL	0
SRR14530863_2.fastq.gz	2020-11-29	PL	0
SRR14530829_1.fastq.gz	2020-11-30	PL	1
SRR14530829_2.fastq.gz	2020-11-30	PL	1
SRR14530862_1.fastq.gz	2020-11-30	PL	0
SRR14530862_2.fastq.gz	2020-11-30	PL	0
SRR14530826_1.fastq.gz	2020-12-14	PL	1
SRR14530826_2.fastq.gz	2020-12-14	PL	1
SRR14530859_1.fastq.gz	2020-12-14	PL	0
SRR14530859_2.fastq.gz	2020-12-14	PL	0
SRR14530825_1.fastq.gz	2020-12-22	PL	1
SRR14530825_2.fastq.gz	2020-12-22	PL	1
SRR14530858_1.fastq.gz	2020-12-22	PL	0
SRR14530858_2.fastq.gz	2020-12-22	PL	0
SRR14530824_1.fastq.gz	2020-12-28	PL	1
SRR14530824_2.fastq.gz	2020-12-28	PL	1
SRR14530857_1.fastq.gz	2020-12-28	PL	0
SRR14530857_2.fastq.gz	2020-12-28	PL	0
SRR14530832_1.fastq.gz	2021-01-03	PL	1
SRR14530832_2.fastq.gz	2021-01-03	PL	1
SRR14530865_1.fastq.gz	2021-01-03	PL	0
SRR14530865_2.fastq.gz	2021-01-03	PL	0
SRR14530831_1.fastq.gz	2021-01-04	PL	1
SRR14530831_2.fastq.gz	2021-01-04	PL	1
SRR14530864_1.fastq.gz	2021-01-04	PL	0
SRR14530864_2.fastq.gz	2021-01-04	PL	0
SRR18341066_1.fastq.gz	2021-01-06	PL	1
SRR18341066_2.fastq.gz	2021-01-06	PL	1
SRR18341117_1.fastq.gz	2021-01-12	PL	1
SRR18341117_2.fastq.gz	2021-01-12	PL	1
SRR18341116_1.fastq.gz	2021-01-13	PL	1
SRR18341116_2.fastq.gz	2021-01-13	PL	1
SRR18341115_1.fastq.gz	2021-01-14	PL	1
SRR18341115_2.fastq.gz	2021-01-14	PL	1
SRR18341114_1.fastq.gz	2021-01-17	PL	1
SRR18341114_2.fastq.gz	2021-01-17	PL	1
SRR18341112_1.fastq.gz	2021-01-18	PL	1
SRR18341112_2.fastq.gz	2021-01-18	PL	1
SRR18341111_1.fastq.gz	2021-01-20	PL	1
SRR18341111_2.fastq.gz	2021-01-20	PL	1
SRR18341110_1.fastq.gz	2021-01-24	PL	1
SRR18341110_2.fastq.gz	2021-01-24	PL	1
SRR18341069_1.fastq.gz	2021-01-25	PL	1
SRR18341069_2.fastq.gz	2021-01-25	PL	1
SRR18341068_1.fastq.gz	2021-01-27	PL	1
SRR18341068_2.fastq.gz	2021-01-27	PL	1
SRR18341067_1.fastq.gz	2021-01-31	PL	1
SRR18341067_2.fastq.gz	2021-01-31	PL	1
SRR18341065_1.fastq.gz	2021-02-01	PL	1
SRR18341065_2.fastq.gz	2021-02-01	PL	1
SRR18341056_1.fastq.gz	2021-02-03	PL	1
SRR18341056_2.fastq.gz	2021-02-03	PL	1
SRR18341055_1.fastq.gz	2021-02-07	PL	1
SRR18341055_2.fastq.gz	2021-02-07	PL	1
SRR18341054_1.fastq.gz	2021-02-08	PL	1
SRR18341054_2.fastq.gz	2021-02-08	PL	1
SRR18341064_1.fastq.gz	2021-02-10	PL	1
SRR18341064_2.fastq.gz	2021-02-10	PL	1
SRR18341063_1.fastq.gz	2021-02-14	PL	1
SRR18341063_2.fastq.gz	2021-02-14	PL	1
SRR18341061_1.fastq.gz	2021-02-15	PL	1
SRR18341061_2.fastq.gz	2021-02-15	PL	1
SRR18341060_1.fastq.gz	2021-02-17	PL	1
SRR18341060_2.fastq.gz	2021-02-17	PL	1
SRR18341059_1.fastq.gz	2021-02-21	PL	1
SRR18341059_2.fastq.gz	2021-02-21	PL	1
SRR18341058_1.fastq.gz	2021-02-22	PL	1
SRR18341058_2.fastq.gz	2021-02-22	PL	1
SRR18341057_1.fastq.gz	2021-02-28	PL	1
SRR18341057_2.fastq.gz	2021-02-28	PL	1
SRR18341053_1.fastq.gz	2021-03-01	PL	1
SRR18341053_2.fastq.gz	2021-03-01	PL	1
SRR18341042_1.fastq.gz	2021-03-03	PL	1
SRR18341042_2.fastq.gz	2021-03-03	PL	1
SRR18341107_1.fastq.gz	2021-03-07	PL	1
SRR18341107_2.fastq.gz	2021-03-07	PL	1
SRR18341106_1.fastq.gz	2021-03-08	PL	1
SRR18341106_2.fastq.gz	2021-03-08	PL	1
SRR18341052_1.fastq.gz	2021-03-10	PL	1
SRR18341052_2.fastq.gz	2021-03-10	PL	1
SRR18341050_1.fastq.gz	2021-03-14	PL	1
SRR18341050_2.fastq.gz	2021-03-14	PL	1
SRR18341049_1.fastq.gz	2021-03-15	PL	1
SRR18341049_2.fastq.gz	2021-03-15	PL	1
SRR18341048_1.fastq.gz	2021-03-18	PL	1
SRR18341048_2.fastq.gz	2021-03-18	PL	1
SRR18341047_1.fastq.gz	2021-03-21	PL	1
SRR18341047_2.fastq.gz	2021-03-21	PL	1
SRR18341046_1.fastq.gz	2021-03-22	PL	1
SRR18341046_2.fastq.gz	2021-03-22	PL	1
SRR18341045_1.fastq.gz	2021-03-24	PL	1
SRR18341045_2.fastq.gz	2021-03-24	PL	1
SRR18341044_1.fastq.gz	2021-03-28	PL	1
SRR18341044_2.fastq.gz	2021-03-28	PL	1
SRR18341043_1.fastq.gz	2021-03-29	PL	1
SRR18341043_2.fastq.gz	2021-03-29	PL	1
SRR18341109_1.fastq.gz	2021-03-31	PL	1
SRR18341109_2.fastq.gz	2021-03-31	PL	1
SRR18341100_1.fastq.gz	2021-04-04	PL	1
SRR18341100_2.fastq.gz	2021-04-04	PL	1
SRR18341099_1.fastq.gz	2021-04-05	PL	1
SRR18341099_2.fastq.gz	2021-04-05	PL	1
SRR18341098_1.fastq.gz	2021-04-07	PL	1
SRR18341098_2.fastq.gz	2021-04-07	PL	1
SRR18341105_1.fastq.gz	2021-04-14	PL	1
SRR18341105_2.fastq.gz	2021-04-14	PL	1
SRR18341104_1.fastq.gz	2021-04-21	PL	1
SRR18341104_2.fastq.gz	2021-04-21	PL	1
SRR18341103_1.fastq.gz	2021-04-25	PL	1
SRR18341103_2.fastq.gz	2021-04-25	PL	1
SRR18341102_1.fastq.gz	2021-04-26	PL	1
SRR18341102_2.fastq.gz	2021-04-26	PL	1
SRR18341101_1.fastq.gz	2021-04-28	PL	1
SRR18341101_2.fastq.gz	2021-04-28	PL	1
SRR18341092_1.fastq.gz	2021-05-03	PL	1
SRR18341092_2.fastq.gz	2021-05-03	PL	1
SRR18341090_1.fastq.gz	2021-05-04	PL	1
SRR18341090_2.fastq.gz	2021-05-04	PL	1
SRR18341089_1.fastq.gz	2021-05-05	PL	1
SRR18341089_2.fastq.gz	2021-05-05	PL	1
SRR18341088_1.fastq.gz	2021-05-09	PL	1
SRR18341088_2.fastq.gz	2021-05-09	PL	1
SRR18341096_1.fastq.gz	2021-05-10	PL	1
SRR18341096_2.fastq.gz	2021-05-10	PL	1
SRR18341095_1.fastq.gz	2021-05-12	PL	1
SRR18341095_2.fastq.gz	2021-05-12	PL	1
SRR18341094_1.fastq.gz	2021-05-17	PL	1
SRR18341094_2.fastq.gz	2021-05-17	PL	1
SRR18341093_1.fastq.gz	2021-05-24	PL	1
SRR18341093_2.fastq.gz	2021-05-24	PL	1
SRR18341091_1.fastq.gz	2021-05-31	PL	1
SRR18341091_2.fastq.gz	2021-05-31	PL	1
SRR18341085_1.fastq.gz	2021-06-02	PL	1
SRR18341085_2.fastq.gz	2021-06-02	PL	1
SRR18341082_1.fastq.gz	2021-06-07	PL	1
SRR18341082_2.fastq.gz	2021-06-07	PL	1
SRR18341087_1.fastq.gz	2021-06-14	PL	1
SRR18341087_2.fastq.gz	2021-06-14	PL	1
SRR18341084_1.fastq.gz	2021-06-21	PL	1
SRR18341084_2.fastq.gz	2021-06-21	PL	1
SRR18341083_1.fastq.gz	2021-06-28	PL	1
SRR18341083_2.fastq.gz	2021-06-28	PL	1
SRR18341009_1.fastq.gz	2021-07-05	PL	1
SRR18341009_2.fastq.gz	2021-07-05	PL	1
SRR18341013_1.fastq.gz	2021-07-12	PL	1
SRR18341013_2.fastq.gz	2021-07-12	PL	1
SRR18341012_1.fastq.gz	2021-07-19	PL	1
SRR18341012_2.fastq.gz	2021-07-19	PL	1
SRR18341011_1.fastq.gz	2021-07-25	PL	1
SRR18341011_2.fastq.gz	2021-07-25	PL	1
SRR18341010_1.fastq.gz	2021-07-29	PL	1
SRR18341010_2.fastq.gz	2021-07-29	PL	1
SRR18341008_1.fastq.gz	2021-08-03	PL	1
SRR18341008_2.fastq.gz	2021-08-03	PL	1
SRR14530727_1.fastq.gz	2020-08-13	SB	0
SRR14530727_2.fastq.gz	2020-08-13	SB	0
SRR14530788_1.fastq.gz	2020-08-13	SB	1
SRR14530788_2.fastq.gz	2020-08-13	SB	1
SRR14530726_1.fastq.gz	2020-08-27	SB	0
SRR14530726_2.fastq.gz	2020-08-27	SB	0
SRR14530787_1.fastq.gz	2020-08-27	SB	1
SRR14530787_2.fastq.gz	2020-08-27	SB	1
SRR14530724_1.fastq.gz	2020-09-10	SB	0
SRR14530724_2.fastq.gz	2020-09-10	SB	0
SRR14530786_1.fastq.gz	2020-09-10	SB	1
SRR14530786_2.fastq.gz	2020-09-10	SB	1
SRR14530725_1.fastq.gz	2020-09-24	SB	0
SRR14530725_2.fastq.gz	2020-09-24	SB	0
SRR14530785_1.fastq.gz	2020-09-24	SB	1
SRR14530785_2.fastq.gz	2020-09-24	SB	1
SRR14530823_1.fastq.gz	2020-10-08	SB	1
SRR14530823_2.fastq.gz	2020-10-08	SB	1
SRR14530856_1.fastq.gz	2020-10-08	SB	0
SRR14530856_2.fastq.gz	2020-10-08	SB	0
SRR14530728_1.fastq.gz	2020-10-22	SB	0
SRR14530728_2.fastq.gz	2020-10-22	SB	0
SRR14530789_1.fastq.gz	2020-10-22	SB	1
SRR14530789_2.fastq.gz	2020-10-22	SB	1
SRR14530822_1.fastq.gz	2020-11-05	SB	1
SRR14530822_2.fastq.gz	2020-11-05	SB	1
SRR14530855_1.fastq.gz	2020-11-05	SB	0
SRR14530855_2.fastq.gz	2020-11-05	SB	0
SRR14530780_1.fastq.gz	2020-08-12	SJ	1
SRR14530780_2.fastq.gz	2020-08-12	SJ	1
SRR14530899_1.fastq.gz	2020-08-12	SJ	0
SRR14530899_2.fastq.gz	2020-08-12	SJ	0
SRR14530778_1.fastq.gz	2020-08-19	SJ	1
SRR14530778_2.fastq.gz	2020-08-19	SJ	1
SRR14530898_1.fastq.gz	2020-08-19	SJ	0
SRR14530898_2.fastq.gz	2020-08-19	SJ	0
SRR14530777_1.fastq.gz	2020-08-26	SJ	1
SRR14530777_2.fastq.gz	2020-08-26	SJ	1
SRR14530897_1.fastq.gz	2020-08-26	SJ	0
SRR14530897_2.fastq.gz	2020-08-26	SJ	0
SRR14530776_1.fastq.gz	2020-09-02	SJ	1
SRR14530776_2.fastq.gz	2020-09-02	SJ	1
SRR14530896_1.fastq.gz	2020-09-02	SJ	0
SRR14530896_2.fastq.gz	2020-09-02	SJ	0
SRR14530775_1.fastq.gz	2020-09-09	SJ	1
SRR14530775_2.fastq.gz	2020-09-09	SJ	1
SRR14530895_1.fastq.gz	2020-09-09	SJ	0
SRR14530895_2.fastq.gz	2020-09-09	SJ	0
SRR14530774_1.fastq.gz	2020-09-16	SJ	1
SRR14530774_2.fastq.gz	2020-09-16	SJ	1
SRR14530893_1.fastq.gz	2020-09-16	SJ	0
SRR14530893_2.fastq.gz	2020-09-16	SJ	0
SRR14530815_1.fastq.gz	2020-09-23	SJ	1
SRR14530815_2.fastq.gz	2020-09-23	SJ	1
SRR14530851_1.fastq.gz	2020-09-23	SJ	0
SRR14530851_2.fastq.gz	2020-09-23	SJ	0
SRR14530773_1.fastq.gz	2020-09-30	SJ	1
SRR14530773_2.fastq.gz	2020-09-30	SJ	1
SRR14530892_1.fastq.gz	2020-09-30	SJ	0
SRR14530892_2.fastq.gz	2020-09-30	SJ	0
SRR14530784_1.fastq.gz	2020-10-07	SJ	1
SRR14530784_2.fastq.gz	2020-10-07	SJ	1
SRR14530903_1.fastq.gz	2020-10-07	SJ	0
SRR14530903_2.fastq.gz	2020-10-07	SJ	0
SRR14530783_1.fastq.gz	2020-10-14	SJ	1
SRR14530783_2.fastq.gz	2020-10-14	SJ	1
SRR14530902_1.fastq.gz	2020-10-14	SJ	0
SRR14530902_2.fastq.gz	2020-10-14	SJ	0
SRR14530782_1.fastq.gz	2020-10-21	SJ	1
SRR14530782_2.fastq.gz	2020-10-21	SJ	1
SRR14530901_1.fastq.gz	2020-10-21	SJ	0
SRR14530901_2.fastq.gz	2020-10-21	SJ	0
SRR14530781_1.fastq.gz	2020-10-28	SJ	1
SRR14530781_2.fastq.gz	2020-10-28	SJ	1
SRR14530900_1.fastq.gz	2020-10-28	SJ	0
SRR14530900_2.fastq.gz	2020-10-28	SJ	0
SRR14530816_1.fastq.gz	2020-11-04	SJ	1
SRR14530816_2.fastq.gz	2020-11-04	SJ	1
SRR14530852_1.fastq.gz	2020-11-04	SJ	0
SRR14530852_2.fastq.gz	2020-11-04	SJ	0
SRR14530821_1.fastq.gz	2020-11-11	SJ	1
SRR14530821_2.fastq.gz	2020-11-11	SJ	1
SRR14530854_1.fastq.gz	2020-11-11	SJ	0
SRR14530854_2.fastq.gz	2020-11-11	SJ	0
SRR14530817_1.fastq.gz	2020-11-18	SJ	1
SRR14530817_2.fastq.gz	2020-11-18	SJ	1
SRR14530853_1.fastq.gz	2020-11-18	SJ	0
SRR14530853_2.fastq.gz	2020-11-18	SJ	0
